[{"model": "catalog.category", "pk": 1, "fields": {"name": "Species", "friendly_name": "Species", "slug": "species", "description": "As it stands, there are 393 prospective neighbors in Animal Crossing that are made up of 35 different animal species.", "is_active": true, "created_at": "2020-10-02T18:00:06.283Z", "updated_at": "2020-10-31T10:00:59.827Z", "parent": null}}, {"model": "catalog.category", "pk": 2, "fields": {"name": "Personality", "friendly_name": "Personality", "slug": "personality", "description": "There are eight different personalities in Animal Crossing: Normal, Lazy, Sisterly, Snooty, Cranky, Jock, Peppy, and Smug.", "is_active": true, "created_at": "2020-10-02T18:01:14.369Z", "updated_at": "2020-10-31T09:59:47.151Z", "parent": null}}, {"model": "catalog.category", "pk": 3, "fields": {"name": "Popular", "friendly_name": "Popular", "slug": "popular", "description": "Most popular villagers in Animal Crossing.", "is_active": true, "created_at": "2020-10-02T18:05:28.394Z", "updated_at": "2020-10-31T09:59:57.257Z", "parent": null}}, {"model": "catalog.category", "pk": 4, "fields": {"name": "Alligator", "friendly_name": "Alligator", "slug": "alligator", "description": "There are nine alligator villagers so far. There are currently no peppy, smug, or sisterly alligators. Of the alligators, two are normal, one is snooty, three are lazy, two are jock, and one is cranky.", "is_active": true, "created_at": "2020-10-02T18:07:56.987Z", "updated_at": "2020-10-31T09:57:39.154Z", "parent": 1}}, {"model": "catalog.category", "pk": 5, "fields": {"name": "Cats", "friendly_name": "Cats", "slug": "cats", "description": "There are thirty cats in the series. Four cats are special characters and the remaining twenty-six are villagers, of which five are snooty, five are lazy, six are peppy, two are cranky, three are jock, and three are normal. There is only one sisterly and smug cat, Katt and Raymond respectively. Cats are the most prevalent species of villagers.", "is_active": true, "created_at": "2020-10-02T18:10:32.082Z", "updated_at": "2020-10-31T09:57:54.993Z", "parent": 1}}, {"model": "catalog.category", "pk": 6, "fields": {"name": "Wolf", "friendly_name": "Wolf", "slug": "wolf", "description": "There are thirteen wolf villagers, of which five are cranky, three are snooty, two are smug, one is normal, one is jock, and one is peppy.", "is_active": true, "created_at": "2020-10-02T18:11:45.949Z", "updated_at": "2020-10-31T10:01:27.229Z", "parent": 1}}, {"model": "catalog.category", "pk": 7, "fields": {"name": "Duck", "friendly_name": "Duck", "slug": "duck", "description": "There are a total of nineteen duck villagers, of which four are jock, four are lazy, four are snooty, four are peppy, two are normal, and one is smug. There are no cranky or sisterly ducks.", "is_active": true, "created_at": "2020-10-02T18:12:17.326Z", "updated_at": "2020-10-31T09:58:22.531Z", "parent": 1}}, {"model": "catalog.category", "pk": 8, "fields": {"name": "Octopus", "friendly_name": "Octopus", "slug": "octopus", "description": "There are only four octopus villagers, making them the rarest villager type. There is one jock octopus, one normal octopus, one cranky octopus, and one lazy octopus. There are no peppy, snooty, sisterly, or smug octopuses.", "is_active": true, "created_at": "2020-10-02T18:12:48.963Z", "updated_at": "2020-10-31T09:59:25.918Z", "parent": 1}}, {"model": "catalog.category", "pk": 9, "fields": {"name": "Elephant", "friendly_name": "Elephant", "slug": "elephant", "description": "There is a total of thirteen elephant villagers, of which one is jock, four are lazy, one is peppy, three are normal, three are snooty and one is cranky. There are no sisterly or smug elephants.", "is_active": true, "created_at": "2020-10-02T18:13:59.801Z", "updated_at": "2020-10-31T09:58:30.763Z", "parent": 1}}, {"model": "catalog.category", "pk": 10, "fields": {"name": "Rabbit", "friendly_name": "Rabbit", "slug": "rabbit", "description": "There are twenty-one rabbit villagers, of which eight are peppy, four are lazy, two are snooty, two are jock, two are smug, one is cranky, one is normal, and one is sisterly.", "is_active": true, "created_at": "2020-10-02T18:14:25.689Z", "updated_at": "2020-10-31T10:00:07.249Z", "parent": 1}}, {"model": "catalog.category", "pk": 11, "fields": {"name": "Normal", "friendly_name": "Normal", "slug": "normal", "description": "Normal villagers, despite being called \"normal\", have a lack of self-worth, where they feel self-depreciative. They also appear slightly obsessive with cleanliness and hygiene - a trait also found in peppy villagers.", "is_active": true, "created_at": "2020-10-02T18:15:50.449Z", "updated_at": "2020-10-31T09:59:16.111Z", "parent": 2}}, {"model": "catalog.category", "pk": 12, "fields": {"name": "Peppy", "friendly_name": "Peppy", "slug": "peppy", "description": "They are incessantly friendly and excitable, making them very quick to apologize for anything they regret doing, even if they had not done anything particularly wrong.", "is_active": true, "created_at": "2020-10-02T18:16:52.127Z", "updated_at": "2020-10-31T09:59:36.487Z", "parent": 2}}, {"model": "catalog.category", "pk": 13, "fields": {"name": "Snooty", "friendly_name": "Snooty", "slug": "snooty", "description": "They are called snooty villagers because they act more mature and higher-class than other villagers. They are usually portrayed wearing makeup and high-end clothes that match their style, and their homes appear luxurious, though there are some exceptions.", "is_active": true, "created_at": "2020-10-02T18:18:08.600Z", "updated_at": "2020-10-31T10:00:47.855Z", "parent": 2}}, {"model": "catalog.category", "pk": 14, "fields": {"name": "Cranky", "friendly_name": "Cranky", "slug": "cranky", "description": "Cranky villagers (also called Grumpy villagers), are male villagers in the Animal Crossing series. The name is a direct reference to the meaning of cranky; someone who is irritated or annoyed easily. As of now, there are 63 cranky villagers.", "is_active": true, "created_at": "2020-10-02T18:19:29.532Z", "updated_at": "2020-10-31T09:58:06.040Z", "parent": 2}}, {"model": "catalog.category", "pk": 15, "fields": {"name": "Lazy", "friendly_name": "Lazy", "slug": "lazy", "description": "Lazy villagers have a relaxed, easygoing, and little kiddish approach to living in the town. They are generally friendly and hospitable when interacting with the player and other villagers, and they are fairly confident in themselves and their lifestyle.", "is_active": true, "created_at": "2020-10-02T18:20:09.632Z", "updated_at": "2020-10-31T09:59:05.309Z", "parent": 2}}, {"model": "catalog.category", "pk": 16, "fields": {"name": "Smug", "friendly_name": "Smug", "slug": "smug", "description": "Smug villagers are very polite, kind, and gentleman-like, and will easily get along with other villagers. They seem to be a mix between all personality types and are lively, kind, and positive, but may come off as conceited.", "is_active": true, "created_at": "2020-10-02T18:21:03.664Z", "updated_at": "2020-10-31T10:00:38.761Z", "parent": 2}}, {"model": "catalog.category", "pk": 17, "fields": {"name": "Jock", "friendly_name": "Jock", "slug": "jock", "description": "A jock is a personality type defined by their key interests in physical fitness and sports, including wrestling and typical gym exercises such as leg-squats and push-ups.", "is_active": true, "created_at": "2020-10-10T16:41:36.482Z", "updated_at": "2020-10-31T09:58:47.637Z", "parent": 2}}, {"model": "catalog.category", "pk": 18, "fields": {"name": "Squirrel", "friendly_name": "Squirrel", "slug": "squirrel", "description": "Squirrels are a species of villager in the Animal Crossing series. They are most noted for their fluffy, curled tails. There are twenty-four squirrel villagers. Of these twenty-four squirrels, four are peppy, four are snooty, nine are normal, one is lazy, one is sisterly, two are jock, one is smug, and two are cranky.", "is_active": true, "created_at": "2020-10-25T09:46:05.510Z", "updated_at": "2020-10-31T10:01:14.592Z", "parent": 1}}, {"model": "catalog.category", "pk": 19, "fields": {"name": "Sisterly", "friendly_name": "Sisterly", "slug": "sisterly", "description": "Sisterly villagers will, when befriended, give the player fighting tips and teach them ways to relax. These villagers are tough but they still care deeply about their appearance. They have a tendency to stay up very late into the night.", "is_active": true, "created_at": "2020-10-25T09:51:21.008Z", "updated_at": "2020-10-31T10:00:28.105Z", "parent": 2}}, {"model": "catalog.category", "pk": 20, "fields": {"name": "Dogs", "friendly_name": "Dogs", "slug": "dogs", "description": "There is a total of twenty-seven dogs in total in the Animal Crossing series. Eight of these are special characters and the remaining nineteen are villagers, of which three are peppy, one is snooty, three are normal, one is sisterly, seven are lazy, two are jock, two are cranky, and one is smug.", "is_active": true, "created_at": "2020-10-25T10:00:41.229Z", "updated_at": "2020-10-31T09:58:13.940Z", "parent": 1}}, {"model": "catalog.category", "pk": 21, "fields": {"name": "Koala", "friendly_name": "Koala", "slug": "koala", "description": "There are eleven koala villagers with four being normal, one being sisterly, one being smug, one being cranky, one being peppy, one being jock, one being lazy, and one being snooty. Yuka is the only koala to have appeared in every game to date.", "is_active": true, "created_at": "2020-10-27T17:57:20.672Z", "updated_at": "2020-10-31T09:58:56.581Z", "parent": 1}}, {"model": "catalog.category", "pk": 22, "fields": {"name": "Horse", "friendly_name": "Horse", "slug": "horse", "description": "Horses are a species of villager in the Animal Crossing series. There are seventeen horses, of which two are snooty, one is jock, three are lazy, three are smug, three are peppy, three are normal, one is cranky and one is sisterly.", "is_active": true, "created_at": "2020-10-27T18:10:24.565Z", "updated_at": "2020-10-31T09:58:39.984Z", "parent": 1}}, {"model": "catalog.product", "pk": 1, "fields": {"name": "Ruby", "description": "Ruby is a peppy rabbit villager from the Animal Crossing series. Her name refers to the gem ruby, since her eyes are a deep red, which is an effect of albinism — a condition which, in the real world, is more common in rabbits than any other animal due to selective breeding.", "slug": "ruby", "sku": "1", "price": "25.00", "image": "post_image/Ruby.png", "is_active": true, "quantity": 5, "created_at": "2020-10-02T19:52:16.077Z", "updated_at": "2020-10-31T11:23:47.328Z", "is_bestseller": false, "category": [12, 10], "favorite": []}}, {"model": "catalog.product", "pk": 2, "fields": {"name": "Tia", "description": "Tia is a normal elephant villager in the Animal Crossing series. Tia seems to be based on a teapot.", "slug": "tia", "sku": "2", "price": "15.00", "image": "post_image/Tia.png", "is_active": true, "quantity": 4, "created_at": "2020-10-03T12:48:21.333Z", "updated_at": "2020-10-10T14:10:39.432Z", "is_bestseller": false, "category": [11, 9], "favorite": []}}, {"model": "catalog.product", "pk": 3, "fields": {"name": "Coco", "description": "Coco is a normal rabbit villager from the Animal Crossing series. Her English name probably comes from the coconut, a fruit stereotypically depicted with three holes.", "slug": "coco", "sku": "3", "price": "15.00", "image": "post_image/Coco.png", "is_active": true, "quantity": 6, "created_at": "2020-10-03T12:53:40.570Z", "updated_at": "2020-10-10T14:10:20.856Z", "is_bestseller": false, "category": [11, 10], "favorite": []}}, {"model": "catalog.product", "pk": 4, "fields": {"name": "Pompom", "description": "Pompom is a peppy duck villager who has appeared in every Animal Crossing series game to date. Her name does not relate to her species, but her initial phrase, \"rah rah\", relates to cheerleading, and because peppy villagers aspire to become cheerleaders.", "slug": "pompom", "sku": "4", "price": "10.00", "image": "post_image/Pompom.png", "is_active": true, "quantity": 3, "created_at": "2020-10-03T12:56:11.370Z", "updated_at": "2020-10-10T14:09:22.240Z", "is_bestseller": false, "category": [12, 7], "favorite": []}}, {"model": "catalog.product", "pk": 6, "fields": {"name": "Zucker", "description": "Zucker is a lazy octopus villager who first appeared in New Leaf. His Japanese name and general appearance refers to the Japanese snack takoyaki (たこ焼き), which is a fried ball of dough commonly filled with minced octopus. His catchphrase is a reference to how he is an underwater animal.", "slug": "zucker", "sku": "4", "price": "15.00", "image": "post_image/Zucker.png", "is_active": true, "quantity": 7, "created_at": "2020-10-04T12:34:38.182Z", "updated_at": "2020-10-10T14:09:07.232Z", "is_bestseller": false, "category": [15, 8], "favorite": []}}, {"model": "catalog.product", "pk": 7, "fields": {"name": "Wolfgang", "description": "Wolfgang is a cranky wolf villager who has appeared in every game in the Animal Crossing series so far. His name is derived from the same name in the German language. His picture quote in. Wild World.", "slug": "wolfgang", "sku": "5", "price": "9.00", "image": "post_image/Wolfgang.png", "is_active": true, "quantity": 9, "created_at": "2020-10-10T16:29:58.606Z", "updated_at": "2020-10-10T16:29:58.606Z", "is_bestseller": false, "category": [14, 6], "favorite": []}}, {"model": "catalog.product", "pk": 8, "fields": {"name": "Cole", "description": "Cole is a lazy rabbit villager who first appeared in Animal Crossing: New Leaf. His name is likely a play on \"coal\", relating to his black color. His Japanese name comes from the Amami rabbit.", "slug": "cole", "sku": "6", "price": "10.00", "image": "post_image/Cole.png", "is_active": true, "quantity": 11, "created_at": "2020-10-10T16:31:01.277Z", "updated_at": "2020-10-10T16:31:01.277Z", "is_bestseller": false, "category": [15, 10], "favorite": []}}, {"model": "catalog.product", "pk": 9, "fields": {"name": "Eloise", "description": "Eloise is a snooty elephant villager in the Animal Crossing series. Her name is derived from the word elephant, which is her species, similar to Ellie, a normal elephant. Her initial catchphrase, \"tooooot,\" is a reference to the sound elephants with their trunks.", "slug": "eloise", "sku": "7", "price": "15.00", "image": "post_image/Eloise.png", "is_active": true, "quantity": 4, "created_at": "2020-10-10T16:43:10.080Z", "updated_at": "2020-10-10T16:43:29.453Z", "is_bestseller": false, "category": [13, 9], "favorite": []}}, {"model": "catalog.product", "pk": 10, "fields": {"name": "Rudy", "description": "Rudy is a jock, cat villager in the Animal Crossing series. He first appeared in Animal Crossing: New Leaf. His English name may be a reference to Rudolph, a famous reindeer, who has a red nose like Rudy. ... His picture quote is a reference to the popular phrase \"cats always land on their feet.\"", "slug": "rudy", "sku": "8", "price": "20.00", "image": "post_image/Rudy.png", "is_active": true, "quantity": 6, "created_at": "2020-10-10T16:45:13.678Z", "updated_at": "2020-10-10T16:45:13.678Z", "is_bestseller": false, "category": [17, 5], "favorite": []}}, {"model": "catalog.product", "pk": 11, "fields": {"name": "Filbert", "description": "As a lazy villager, Filbert will be friendly and easy to get along with due to his laid back lifestyle. Like all lazy villagers, he has a love of food and relaxing. He will enjoy partaking in the usual hobbies, usually for relaxing reasons or for food, like when fishing. Filbert will get along well with other villagers, but may offend or confuse jock villagers, who have a lifestyle of exercise and fitness, which conflicts with the lazy lifestyle of relaxing and food.", "slug": "filbert", "sku": "10", "price": "20.00", "image": "post_image/filbert.png", "is_active": true, "quantity": 16, "created_at": "2020-10-25T09:46:47.096Z", "updated_at": "2020-10-25T09:46:47.096Z", "is_bestseller": false, "category": [18, 15], "favorite": []}}, {"model": "catalog.product", "pk": 12, "fields": {"name": "Hazel", "description": "Hazel is a sisterly villager. When befriended, she will give the player fighting tips and teach them ways to relax. Hazel will also give the player medicine if they are stung by a bee. Like all sisterly villagers, Hazel is tough, but she will still care deeply about her appearance. Hazel has a tendency to stay up very late at night. It is easy to get her picture since developing friendships with sisterly villagers is simple due to her caring and protective nature.", "slug": "hazel", "sku": "11", "price": "15.00", "image": "post_image/hazel.png", "is_active": true, "quantity": 15, "created_at": "2020-10-25T09:55:19.619Z", "updated_at": "2020-10-25T09:55:19.619Z", "is_bestseller": false, "category": [19, 18], "favorite": []}}, {"model": "catalog.product", "pk": 13, "fields": {"name": "Poppy", "description": "Poppy is a dusky red squirrel with a cream muzzle, tail stripe, and tipped paws. Poppy has a normal personality, and frequently acts kind towards the player. Normal villagers generally get along well with lazy, peppy, smug, snooty and other normal villagers. Poppy may conflict with cranky and sisterly villagers. As a normal villager, Poppy will usually wake up at 6:00 am and is easier to befriend than most.", "slug": "poppy", "sku": "12", "price": "10.00", "image": "post_image/poppy.png", "is_active": true, "quantity": 18, "created_at": "2020-10-25T09:57:26.432Z", "updated_at": "2020-10-25T09:57:26.432Z", "is_bestseller": false, "category": [18, 11], "favorite": []}}, {"model": "catalog.product", "pk": 14, "fields": {"name": "Biskit", "description": "Biskit is a lazy dog villager in the Animal Crossing series, appearing in every game to date. As a lazy villager, Biskit will be friendly and easy to get along with due to his laid back lifestyle. Like all lazy villagers, he has a love of food and relaxing. He will enjoy partaking in the usual hobbies, usually for relaxing reasons or for food, like when fishing.", "slug": "biskit", "sku": "13", "price": "20.00", "image": "post_image/biskit.png", "is_active": true, "quantity": 14, "created_at": "2020-10-25T10:01:40.402Z", "updated_at": "2020-10-25T10:01:40.402Z", "is_bestseller": false, "category": [20, 15], "favorite": []}}, {"model": "catalog.product", "pk": 15, "fields": {"name": "Chrissy", "description": "Chrissy is a peppy rabbit villager in the Animal Crossing series. Peppy villagers appear to be in a good mood often and are easy to become friends with. As a peppy villager, Chrissy will have the tendency to over-react in conversations about trivial subjects, and will usually be over-excited to see the player or other villagers.", "slug": "chrissy", "sku": "15", "price": "20.00", "image": "post_image/chrissy.png", "is_active": true, "quantity": 16, "created_at": "2020-10-25T10:03:24.641Z", "updated_at": "2020-10-25T10:03:24.641Z", "is_bestseller": false, "category": [12, 10], "favorite": []}}, {"model": "catalog.product", "pk": 16, "fields": {"name": "Bunnie", "description": "Bunnie is a peppy rabbit villager from the Animal Crossing series. Peppy villagers appear to be in a good mood often and are easy to become friends with. As a peppy villager, Bunnie will have the tendency to over-react in conversations about trivial subjects, and will usually be over-excited to see the player or other villagers.", "slug": "bunnie", "sku": "16", "price": "14.00", "image": "post_image/bunnie.png", "is_active": true, "quantity": 15, "created_at": "2020-10-25T10:05:33.608Z", "updated_at": "2020-10-25T10:05:33.608Z", "is_bestseller": false, "category": [12, 10], "favorite": []}}, {"model": "catalog.product", "pk": 17, "fields": {"name": "Sly", "description": "Sly is a jock alligator villager in New Leaf. His Japanese name comes from his appearance, which is camouflage. Sly has a jock personality and has a great interest in sports and bodybuilding. Jock villagers are hyperactive and motivated but often come across as egotistical and dense. As a jock villager, Sly is very interested in his hobby, and may compete against the player at catching bugs and fish.", "slug": "sly", "sku": "17", "price": "19.00", "image": "post_image/sly.png", "is_active": true, "quantity": 18, "created_at": "2020-10-25T10:10:11.252Z", "updated_at": "2020-10-25T10:10:11.252Z", "is_bestseller": false, "category": [17, 4], "favorite": []}}, {"model": "catalog.product", "pk": 18, "fields": {"name": "Carmen", "description": "Carmen is a peppy rabbit villager who was introduced in Animal Crossing: City Folk. In New Horizons, Carmen has the fashion hobby and will be more frequently seen visiting Able Sisters and commenting on the player's fashion, sometimes giving them clothes that match their current outfit in color or style. She may be found carrying around a purse or wearing accessories and clothing different from their initial or gifted outfits.", "slug": "carmen", "sku": "17", "price": "20.00", "image": "post_image/carmen.png", "is_active": true, "quantity": 20, "created_at": "2020-10-27T17:36:06.736Z", "updated_at": "2020-10-27T17:36:06.736Z", "is_bestseller": false, "category": [12, 10], "favorite": []}}, {"model": "catalog.product", "pk": 19, "fields": {"name": "Mitzi", "description": "Mitzi is a normal cat villager who has appeared in all the games in the Animal Crossing series. Mitzi is a kind and calm character like all normal villagers. She will easily become upset or offended by other villagers, particularly lazy villagers who mislead her and cranky villagers who have a rude nature. She enjoys the usual hobbies, such as fishing and bug catching, usually to keep her active.", "slug": "mitzi", "sku": "18", "price": "16.00", "image": "post_image/mitzi.png", "is_active": true, "quantity": 20, "created_at": "2020-10-27T17:38:00.472Z", "updated_at": "2020-10-27T17:38:00.472Z", "is_bestseller": false, "category": [11, 5], "favorite": []}}, {"model": "catalog.product", "pk": 20, "fields": {"name": "Drago", "description": "Drago is a lazy alligator villager who first appears in Animal Crossing: New Leaf. As a lazy villager, Drago will enjoy napping and talking about food, as well as appearing calm and relaxed through most circumstances. Like other lazy villagers, he will share the same interests such as clothes, fishing, bug catching, and fossil hunting. When he talks about clothes, he may mention his alter-ego, \"Fashion Lad,\" a hero made up by lazy villagers who tackles fashion disasters.", "slug": "drago", "sku": "19", "price": "15.00", "image": "post_image/drago.png", "is_active": true, "quantity": 20, "created_at": "2020-10-27T17:43:36.989Z", "updated_at": "2020-10-27T17:43:36.989Z", "is_bestseller": false, "category": [15, 4], "favorite": []}}, {"model": "catalog.product", "pk": 21, "fields": {"name": "Francine", "description": "Francine is a snooty, rabbit villager in the Animal Crossing series. She is the older sister of Chrissy.\r\nIn New Horizons, Francine has the fashion hobby and will be more frequently seen visiting Able Sisters and commenting on the player's fashion, sometimes giving them clothes that match their current outfit in color or style. She may be found carrying around a purse or wearing accessories and clothing different from their initial or gifted outfits.", "slug": "francine", "sku": "20", "price": "25.00", "image": "post_image/francine.png", "is_active": true, "quantity": 20, "created_at": "2020-10-27T17:51:18.497Z", "updated_at": "2020-10-27T17:51:18.497Z", "is_bestseller": false, "category": [13, 10], "favorite": []}}, {"model": "catalog.product", "pk": 22, "fields": {"name": "Marina", "description": "Marina is a normal, octopus villager whose debut appearance was in Doubutsu no Mori e+ as an islander. She later re-appeared in Animal Crossing: Wild World, Animal Crossing: City Folk, and Animal Crossing: New Leaf where she is a villager. In New Horizons, Marina has the music hobby and will be more frequently seen singing or dancing. If a stereo is set outside with a song playing, she will sing to the melody; if other instruments are set up, such as drums or guitars, she may play along.", "slug": "marina", "sku": "21", "price": "25.00", "image": "post_image/marina.png", "is_active": true, "quantity": 20, "created_at": "2020-10-27T17:54:07.414Z", "updated_at": "2020-10-27T17:54:07.414Z", "is_bestseller": false, "category": [11, 8], "favorite": []}}, {"model": "catalog.product", "pk": 23, "fields": {"name": "Ozzie", "description": "Ozzie is a lazy koala villager from the Animal Crossing series. His name is derived from the term \"Aussie\", which is another word for \"Australian.\" His Japanese name means \"acorn,\" referring to his nose. In New Horizons, Ozzie has the play hobby and will be more frequently seen running around the island, sometimes with other villagers. He may also set up treasure hunts (a timed minigame) with the player. Ozzie, as a lazy villager, will be easy to get along with due to his laid back lifestyle.", "slug": "ozzie", "sku": "22", "price": "16.00", "image": "post_image/ozzie.png", "is_active": true, "quantity": 20, "created_at": "2020-10-27T17:58:25.550Z", "updated_at": "2020-10-27T17:58:25.550Z", "is_bestseller": false, "category": [21, 15], "favorite": []}}, {"model": "catalog.product", "pk": 24, "fields": {"name": "Winnie", "description": "Winnie is a peppy, horse villager from the Animal Crossing series. She was absent from Animal Crossing: Wild World and returns in Animal Crossing: City Folk. In New Horizons, Winnie has the fashion hobby and will be more frequently seen visiting Able Sisters and commenting on the player's fashion, sometimes giving them clothes that match their current outfit in color or style. She may be found carrying around a purse or wearing accessories and clothing different from their initial or gifted outfits.", "slug": "winnie", "sku": "23", "price": "15.00", "image": "post_image/winnie.png", "is_active": true, "quantity": 20, "created_at": "2020-10-27T18:12:39.276Z", "updated_at": "2020-10-27T18:12:39.276Z", "is_bestseller": false, "category": [22, 12], "favorite": []}}, {"model": "catalog.product", "pk": 25, "fields": {"name": "Skye", "description": "Skye is a normal wolf villager who first appeared in Animal Crossing: New Leaf. Her name is derived from her appearance, which resembles the sky and clouds. In New Horizons, Skye has the music hobby and will be more frequently seen singing or dancing. If a stereo is set outside with a song playing, she will sing to the melody; if other instruments are set up, such as drums or guitars, she may play along. Skye has a normal personality, so she will be a pleasant villager.", "slug": "skye", "sku": "24", "price": "23.00", "image": "post_image/skye.png", "is_active": true, "quantity": 16, "created_at": "2020-10-27T18:14:19.274Z", "updated_at": "2020-10-27T18:14:19.274Z", "is_bestseller": false, "category": [11, 6], "favorite": []}}, {"model": "catalog.product", "pk": 26, "fields": {"name": "Clyde", "description": "Clyde is a lazy horse villager who first appears in Animal Crossing: City Folk. His English and Japanese names may both be derived from Clydesdale, a horse breed. In New Horizons, Clyde has the play hobby and will be more frequently seen running around the island, sometimes with other villagers. He may also set up treasure hunts (a timed minigame) with the player. Clyde is a lazy villager who likes food, often bringing up the subject of random foods in regular conversation.", "slug": "clyde", "sku": "25", "price": "14.00", "image": "post_image/clyde.png", "is_active": true, "quantity": 19, "created_at": "2020-10-27T18:15:59.469Z", "updated_at": "2020-10-27T18:15:59.469Z", "is_bestseller": false, "category": [22, 15], "favorite": []}}, {"model": "catalog.product", "pk": 27, "fields": {"name": "Peaches", "description": "Peaches is a normal horse villager in the Animal Crossing series, appearing in every game except for Animal Crossing: Wild World and Animal Crossing: Pocket Camp. Her catchphrase, \"neighbor,\" is a pun on the sound horses make. In New Horizons, Peaches has the education hobby and will be more frequently seen reading books and visiting the museum. Peaches has a normal personality. She is shy and caring, and may get upset easily.", "slug": "peaches", "sku": "26", "price": "16.00", "image": "post_image/peaches.png", "is_active": true, "quantity": 20, "created_at": "2020-10-27T18:18:08.793Z", "updated_at": "2020-10-27T18:18:08.793Z", "is_bestseller": false, "category": [22, 11], "favorite": []}}, {"model": "catalog.product", "pk": 28, "fields": {"name": "Kiki", "description": "Kiki is a normal cat villager who has appeared in every Animal Crossing series game. In New Horizons, Kiki has the education hobby and will be more frequently seen reading books and visiting the museum. Kiki has a normal personality. She is shy and caring, and may get upset easily and may tell the player to stay away from her, but she does not take it out on them. She wakes up at 5:00 a.m. like other normal villagers, and may appear inside towards the middle of the day.", "slug": "kiki", "sku": "27", "price": "27.00", "image": "post_image/kiki.png", "is_active": true, "quantity": 16, "created_at": "2020-10-27T18:24:30.206Z", "updated_at": "2020-10-27T18:24:30.206Z", "is_bestseller": false, "category": [11, 5], "favorite": []}}, {"model": "catalog.product", "pk": 29, "fields": {"name": "Lolly", "description": "Lolly is a cat villager with a normal personality in the Animal Crossing series, who first appeared in Doubutsu no Mori e+. Like most normal or \"sweet\" villagers, Lolly will be very sensitive and kind. She will be easily upset or offended by other villagers, particularly lazy or cranky villagers. She enjoys the usual hobbies, which are fashion, bug catching, fishing, and furniture. She will get along well with other normal villagers and peppy villagers, appearing mother-like in conversation.", "slug": "lolly", "sku": "28", "price": "25.00", "image": "post_image/lolly.png", "is_active": true, "quantity": 17, "created_at": "2020-10-27T18:27:04.429Z", "updated_at": "2020-10-27T18:27:04.429Z", "is_bestseller": false, "category": [11, 5], "favorite": []}}, {"model": "catalog.product", "pk": 30, "fields": {"name": "Punchy", "description": "Punchy is a cat villager in the Animal Crossing series with a lazy personality. In New Horizons, Punchy has the play hobby and will be more frequently seen running around the island, sometimes with other villagers. He may also set up treasure hunts (a timed minigame) with the player. As a lazy villager, Punchy will be easy to get along with due to his laid back lifestyle. Like all lazy villagers, he shares a love of food and relaxing.", "slug": "punchy", "sku": "29", "price": "15.00", "image": "post_image/punchy.png", "is_active": true, "quantity": 16, "created_at": "2020-10-27T18:37:13.238Z", "updated_at": "2020-10-27T18:37:13.238Z", "is_bestseller": false, "category": [15, 5], "favorite": [1]}}, {"model": "catalog.product", "pk": 31, "fields": {"name": "Fang", "description": "Fang is a cranky, wolf villager in the Animal Crossing series. He did not appear in Animal Crossing: Wild World, but reappeared in Animal Crossing: City Folk. In New Horizons, Fang has the education hobby and will be more frequently seen reading books and visiting the museum. Fang has a cranky personality, meaning that he can be quite rude to the player and be all around grumpy. He will warm up to the player as time goes on, and may eventually become a close friend.", "slug": "fang", "sku": "30", "price": "14.00", "image": "post_image/fang.png", "is_active": true, "quantity": 16, "created_at": "2020-10-27T18:43:27.899Z", "updated_at": "2020-10-27T18:43:27.899Z", "is_bestseller": false, "category": [14, 6], "favorite": []}}, {"model": "catalog.product", "pk": 32, "fields": {"name": "Cookie", "description": "Cookie is a peppy dog villager in the Animal Crossing series. She is absent from Animal Crossing: Wild World, but returns in Animal Crossing: City Folk. In New Horizons, Cookie has the fashion hobby and will be more frequently seen visiting Able Sisters and commenting on the player's fashion, sometimes giving them clothes that match their current outfit in color or style. She may be found carrying around a purse or wearing accessories and clothing different from their initial or gifted outfits.", "slug": "cookie", "sku": "31", "price": "20.00", "image": "post_image/cookie.png", "is_active": true, "quantity": 17, "created_at": "2020-10-27T19:04:30.672Z", "updated_at": "2020-10-27T19:04:30.672Z", "is_bestseller": false, "category": [20, 12], "favorite": [1]}}, {"model": "catalog.product", "pk": 33, "fields": {"name": "Goldie", "description": "Goldie is a normal dog villager, appearing in every game in the Animal Crossing series to date. Her name is based on the breed of dog she is, a Golden Retriever. In New Horizons, Goldie has the nature hobby and will be more frequently seen sitting underneath trees or observing and watering flowers. She will also fish and chase after bugs, and may also be seen carrying bundles of sticks or picnic baskets. Goldie has a normal personality, meaning that she is friendly and motherly towards the player, asking what she can do to help them often.", "slug": "goldie", "sku": "32", "price": "16.00", "image": "post_image/goldie.png", "is_active": true, "quantity": 20, "created_at": "2020-10-27T19:06:00.821Z", "updated_at": "2020-10-27T19:06:00.821Z", "is_bestseller": false, "category": [20, 11], "favorite": [1]}}, {"model": "catalog.productreview", "pk": 3, "fields": {"product": 10, "user": 1, "subject": null, "content": "super cute", "stars": 3, "created_at": "2020-10-14T11:57:26.664Z", "updated_at": "2020-10-14T11:57:26.690Z"}}, {"model": "catalog.productreview", "pk": 4, "fields": {"product": 10, "user": 1, "subject": null, "content": "Test test this product is amazing test test test", "stars": 3, "created_at": "2020-10-14T21:25:14.681Z", "updated_at": "2020-10-14T21:25:14.704Z"}}, {"model": "catalog.productreview", "pk": 5, "fields": {"product": 10, "user": 1, "subject": null, "content": " Amiibo cards worked perfectly and they look super cute! Arrived quickly and packaged with care.", "stars": 3, "created_at": "2020-10-15T12:25:28.397Z", "updated_at": "2020-10-15T12:25:28.432Z"}}, {"model": "catalog.productreview", "pk": 21, "fields": {"product": 10, "user": 1, "subject": null, "content": " hewwo", "stars": 4, "created_at": "2020-10-15T17:36:26.235Z", "updated_at": "2020-10-15T17:36:26.270Z"}}, {"model": "catalog.productreview", "pk": 27, "fields": {"product": 10, "user": 1, "subject": null, "content": "My favourite Villager is Rudy. I love how he's a Cat based on Rudolph the red nosed reindeer! And his phrase is \"Mush!\" A-MAZING!!", "stars": 5, "created_at": "2020-10-16T18:39:11.527Z", "updated_at": "2020-10-16T18:39:11.549Z"}}, {"model": "catalog.productreview", "pk": 32, "fields": {"product": 10, "user": 1, "subject": null, "content": " hello there this is a pagination testestest", "stars": 5, "created_at": "2020-10-25T14:16:21.360Z", "updated_at": "2020-10-25T14:16:21.392Z"}}, {"model": "catalog.productreview", "pk": 33, "fields": {"product": 10, "user": 1, "subject": null, "content": " testestest", "stars": 5, "created_at": "2020-10-25T14:56:28.998Z", "updated_at": "2020-10-25T14:56:29.032Z"}}, {"model": "catalog.productreview", "pk": 35, "fields": {"product": 10, "user": 1, "subject": null, "content": " IUJJKKIJUHUH", "stars": 5, "created_at": "2020-10-25T15:01:05.469Z", "updated_at": "2020-10-25T15:01:05.512Z"}}, {"model": "catalog.productreview", "pk": 36, "fields": {"product": 7, "user": 10, "subject": null, "content": " Kawaiiiiiiiii <3", "stars": 5, "created_at": "2020-10-26T20:38:02.933Z", "updated_at": "2020-10-26T20:38:02.979Z"}}, {"model": "catalog.productreview", "pk": 37, "fields": {"product": 7, "user": 10, "subject": null, "content": " No, seriously, SO kawaiiii", "stars": 5, "created_at": "2020-10-26T20:38:16.523Z", "updated_at": "2020-10-26T20:38:16.566Z"}}, {"model": "catalog.productreview", "pk": 38, "fields": {"product": 7, "user": 10, "subject": null, "content": " I can't even", "stars": 5, "created_at": "2020-10-26T20:38:25.185Z", "updated_at": "2020-10-26T20:38:25.226Z"}}, {"model": "catalog.productreview", "pk": 39, "fields": {"product": 7, "user": 10, "subject": null, "content": " Oh my days, WANT", "stars": 5, "created_at": "2020-10-26T20:38:36.842Z", "updated_at": "2020-10-26T20:38:36.886Z"}}, {"model": "catalog.productreview", "pk": 40, "fields": {"product": 7, "user": 10, "subject": null, "content": " Reviews, reviews, reviews!", "stars": 3, "created_at": "2020-10-26T20:38:50.371Z", "updated_at": "2020-10-26T20:38:50.412Z"}}, {"model": "catalog.productreview", "pk": 41, "fields": {"product": 7, "user": 10, "subject": null, "content": " How many reviews will fit on one page?", "stars": 4, "created_at": "2020-10-26T20:39:08.038Z", "updated_at": "2020-10-26T20:39:08.079Z"}}, {"model": "catalog.productreview", "pk": 42, "fields": {"product": 7, "user": 10, "subject": null, "content": " Keep rollin, rollin, rollin.....", "stars": 2, "created_at": "2020-10-26T20:39:51.601Z", "updated_at": "2020-10-26T20:39:51.637Z"}}, {"model": "catalog.productreview", "pk": 43, "fields": {"product": 7, "user": 10, "subject": null, "content": " STOP LEAVING REVIEWS, YOU WEIRD ASS TUTOR", "stars": 1, "created_at": "2020-10-26T20:40:10.978Z", "updated_at": "2020-10-26T20:40:11.043Z"}}, {"model": "catalog.productreview", "pk": 44, "fields": {"product": 30, "user": 1, "subject": null, "content": " めちゃくちゃ可愛い！\r\n", "stars": 5, "created_at": "2020-10-28T10:11:03.810Z", "updated_at": "2020-10-28T10:11:03.843Z"}}, {"model": "catalog.productreview", "pk": 45, "fields": {"product": 32, "user": 1, "subject": null, "content": " メガ超キュートで愛らしい", "stars": 5, "created_at": "2020-10-28T10:46:43.280Z", "updated_at": "2020-10-28T10:46:43.311Z"}}, {"model": "catalog.productreview", "pk": 46, "fields": {"product": 29, "user": 1, "subject": null, "content": " ", "stars": 5, "created_at": "2020-10-28T22:22:09.717Z", "updated_at": "2020-10-28T22:22:09.749Z"}}, {"model": "catalog.productreview", "pk": 47, "fields": {"product": 33, "user": 1, "subject": null, "content": " 製品は意図したとおりに機能します。", "stars": 5, "created_at": "2020-10-29T18:35:46.872Z", "updated_at": "2020-10-29T18:35:46.909Z"}}]